the,4842
to,4399
of,3957
and,3785
her,2281
i,2105
a,2080
in,2039
was,1877
she,1744
that,1639
it,1597
not,1526
you,1444
he,1359
his,1302
be,1280
as,1240
had,1186
with,1148
for,1112
but,1026
is,947
have,886
at,830
mr,805
him,777
on,745
my,725
by,723
all,667
elizabeth,645
they,611
so,607
were,569
which,569
been,536
could,532
from,525
no,517
this,511
very,503
what,492
would,483
your,464
me,462
their,454
them,445
darcy,431
will,429
said,405
such,402
or,398
are,392
when,389
if,383
an,381
there,370
do,369
mrs,354
bennet,339
much,338
more,337
must,325
am,325
any,320
miss,315
bingley,310
than,303
jane,303
who,301
one,291
did,279
we,272
should,259
has,257
know,245
other,239
how,237
herself,236
though,233
before,232
can,230
never,230
well,230
only,226
think,222
may,219
sister,217
soon,216
now,215
some,212
good,207
after,205
most,205
might,205
time,200
wickham,199
lady,198
own,196
little,192
collins,190
without,185
nothing,185
every,185
again,182
being,182
then,177
lydia,176
make,174
shall,165
illustration,163
dear,163
say,160
first,160
man,156
see,156
family,153
great,148
too,146
two,145
into,145
out,143
however,137
mother,137
day,136
ever,136
father,135
about,134
himself,133
young,133
catherine,132
made,132
give,131
us,128
hope,126
always,125
its,125
away,124
many,122
long,120
last,119
letter,118
cannot,118
up,116
way,116
friend,115
thought,112
enough,111
room,109
go,107
house,107
sure,106
felt,106
replied,103
saw,102
love,102
indeed,99
wish,99
come,99
quite,98
better,98
even,97
myself,97
manner,97
where,97
gardiner,97
lizzy,97
till,95
over,95
pleasure,94
came,94
often,93
having,93
does,92
done,92
feelings,92
oh,91
really,91
cried,91
believe,90
project,89
chapter,89
like,89
whom,89
subject,88
longbourn,88
aunt,88
gutenberg,88
charlotte,87
perhaps,87
heard,87
daughter,84
take,83
happy,83
ladies,83
anything,82
these,81
while,81
less,81
whole,80
our,80
down,79
ill,79
sir,79
brother,79
seen,78
morning,78
yet,78
still,77
certainly,77
sisters,77
just,77
let,77
place,77
looked,76
something,75
yes,75
same,74
both,74
evening,74
here,74
upon,74
world,74
few,73
netherfield,73
therefore,73
present,72
hear,72
kind,72
nor,72
next,72
kitty,72
happiness,72
least,72
half,72
added,72
told,71
moment,71
lucas,71
speak,70
tell,70
towards,70
attention,70
found,70
went,70
character,69
uncle,69
colonel,68
seemed,67
between,67
town,67
work,67
opinion,67
home,67
received,66
marriage,66
left,66
each,66
almost,66
those,65
woman,65
answer,65
together,65
part,65
leave,64
because,64
three,64
either,64
conversation,63
acquaintance,62
rather,62
others,62
far,62
off,62
gone,62
once,62
means,62
given,61
immediately,61
find,61
passed,61
affection,61
certain,60
everything,60
whose,60
married,60
party,60
possible,60
coming,60
another,60
whether,59
london,59
life,59
look,59
began,59
since,59
seeing,59
pride,58
knew,58
mind,58
meryton,57
general,57
going,57
side,57
known,56
friends,55
person,55
took,55
pemberley,55
behaviour,55
copyright,54
visit,54
eyes,54
able,54
return,54
against,54
gave,54
perfectly,53
course,53
reason,53
people,53
word,53
get,53
why,53
continued,52
husband,52
daughters,51
walk,51
idea,51
wife,50
cousin,50
regard,50
hardly,50
rosings,49
yourself,49
agreeable,49
right,49
suppose,49
sense,48
settled,48
read,48
object,48
want,48
business,48
point,48
girls,47
manners,47
country,47
impossible,47
george,47
back,46
william,46
heart,46
best,46
short,46
marry,46
called,46
walked,46
ought,45
through,45
help,45
spoke,45
scarcely,45
returned,45
longer,44
civility,44
carriage,44
else,43
turned,43
terms,43
mary,43
de,43
rest,43
expected,43
power,42
doubt,42
years,42
honour,42
ladyship,42
girl,41
under,41
talking,41
sometimes,41
bourgh,41
feel,41
assure,41
wished,41
hertfordshire,41
likely,41
engaged,40
account,40
everybody,40
stay,40
gentleman,40
met,40
gentlemen,40
entered,40
convinced,40
poor,40
brought,40
asked,40
men,39
set,39
neither,39
former,39
different,39
write,39
dare,39
pleased,39
forster,39
spirits,39
near,39
fortune,39
within,38
situation,38
occasion,38
sat,38
things,38
talked,38
hour,38
afraid,37
four,37
door,37
allen,37
ball,37
minutes,37
fitzwilliam,37
beyond,37
sort,37
surprise,37
handsome,37
feeling,37
believed,37
also,37
amiable,36
glad,36
care,36
surprised,35
put,35
deal,35
merely,35
saying,35
days,35
wishes,35
expect,35
wonder,35
sorry,35
satisfied,35
case,35
five,35
information,35
philips,34
name,34
determined,34
answered,34
fine,34
particularly,34
head,34
invitation,34
night,34
end,34
real,34
respect,34
mean,34
works,34
silence,34
usual,34
advantage,34
themselves,34
thousand,34
speaking,33
whatever,33
full,33
consider,33
ask,33
hurst,33
officers,33
taken,33
appearance,33
making,33
afterwards,32
length,32
sensible,32
exactly,32
allow,32
news,32
table,32
dance,32
appeared,32
necessary,32
appear,32
ten,32
talk,32
meet,32
arrival,32
early,32
society,32
equal,31
particular,31
words,31
thus,31
dinner,31
comfort,31
instantly,31
understand,31
alone,31
smile,31
resolved,31
new,30
opportunity,30
mention,30
already,30
thing,30
anybody,30
year,30
consequence,30
receive,30
looking,30
astonishment,30
countenance,30
air,30
lost,29
money,29
younger,29
neighbourhood,29
heading,29
interest,29
pain,29
kindness,29
use,29
austen,29
foundation,29
except,29
week,29
obliged,29
matter,29
true,29
circumstances,28
highly,28
anyone,28
joined,28
entirely,28
hand,28
observed,28
beauty,28
exceedingly,28
meant,28
assured,28
liked,28
master,28
during,28
seems,28
forward,28
second,28
disposition,28
breakfast,28
delight,28
call,28
mentioned,28
credit,28
absence,28
expressed,27
satisfaction,27
face,27
attentions,27
electronic,27
natural,27
nature,27
following,27
offer,27
greater,27
truth,27
hours,27
attachment,27
allowed,27
ago,27
knowing,27
easily,27
imagine,27
keep,27
thoughts,27
giving,26
happened,26
silent,26
pray,26
turn,26
self,26
probably,26
doing,26
anxious,26
concern,26
further,26
hunsford,26
wholly,26
express,26
small,26
compliment,26
several,26
state,26
change,26
walking,26
easy,26
conduct,26
admiration,26
hearing,26
especially,26
supposed,26
pleasing,25
among,25
got,25
temper,25
serious,25
persuaded,25
bear,25
whenever,25
relations,25
meeting,25
followed,25
reply,25
send,25
paid,25
children,25
delighted,25
derbyshire,25
pretty,25
pounds,24
considered,24
mistaken,24
library,24
attempt,24
brighton,24
notice,24
latter,24
e,24
acquainted,24
attended,24
match,24
degree,24
voice,24
regiment,24
common,24
written,24
large,24
directly,24
living,24
expression,23
used,23
eliza,23
park,23
sake,23
marrying,23
hopes,23
inquiries,23
fortnight,23
remained,23
curiosity,23
depend,23
remember,23
live,23
women,23
prevented,23
fear,23
dancing,23
dislike,23
question,23
spite,23
unless,23
delightful,23
company,23
son,23
design,23
wanted,23
importance,23
frequently,23
gratitude,23
favour,22
praise,22
above,22
spent,22
desire,22
united,22
cause,22
yours,22
proper,22
favourite,22
eldest,22
journey,22
intended,22
knowledge,22
niece,22
fixed,22
nephew,22
event,22
thinking,22
fair,22
book,22
wrote,21
understanding,21
greatest,21
drawing,21
sitting,21
superior,21
repeated,21
instead,21
times,21
listened,21
inclination,21
proud,21
choose,21
sent,21
months,21
need,21
trouble,21
receiving,21
slight,21
promised,21
seem,21
agreement,21
ready,20
acknowledged,20
purpose,20
estate,20
none,20
drew,20
hoped,20
madam,20
late,20
endeavour,20
engagement,20
particulars,20
affectionate,20
strong,20
equally,20
vain,20
forced,20
scheme,20
connection,20
charming,20
maria,20
affair,20
affected,20
address,20
taking,19
fancy,19
perfect,19
pleasant,19
form,19
success,19
summer,19
comes,19
comprehend,19
reached,19
circumstance,19
round,19
regret,19
states,19
connections,19
removed,19
cold,19
excellent,19
thank,19
danger,19
intelligence,19
join,19
resolution,19
chance,19
play,19
accepted,19
anxiety,19
related,19
street,19
pause,18
motive,18
vanity,18
capable,18
smiled,18
bring,18
accept,18
resentment,18
future,18
persuade,18
civil,18
old,18
parsonage,18
leaving,18
view,18
weeks,18
absolutely,18
avoid,18
expectation,18
felicity,18
health,18
high,18
readily,18
admire,18
led,18
loss,18
concerned,18
nobody,18
dining,18
opened,18
laugh,18
evident,18
open,18
servant,17
prevent,17
promise,17
partner,17
letters,17
addressed,17
forget,17
report,17
disappointment,17
chief,17
politeness,17
please,17
angry,17
taste,17
light,17
ease,17
kept,17
sight,17
otherwise,17
wait,17
earnest,17
bad,17
beg,17
dearest,17
indifference,17
tolerable,17
writing,17
saturday,17
proved,17
generally,17
scene,17
interesting,17
tone,17
likewise,17
license,17
caroline,17
pass,17
effect,17
conviction,16
fond,16
reading,16
distress,16
lively,16
choice,16
tried,16
spoken,16
f,16
confess,16
eye,16
unable,16
extraordinary,16
excuse,16
companion,16
ashamed,16
charge,16
public,16
ignorant,16
became,16
window,16
formed,16
blame,16
age,16
road,16
questions,16
advice,16
upstairs,16
housekeeper,16
intention,16
chose,16
step,16
youngest,16
indifferent,16
dine,16
suddenly,16
miles,16
composure,16
distance,16
share,16
connected,15
fact,15
extremely,15
opening,15
sit,15
winter,15
rank,15
worth,15
mine,15
comparison,15
objection,15
georgiana,15
wrong,15
disposed,15
misery,15
trust,15
lucases,15
prejudice,15
prevailed,15
seated,15
marked,15
pardon,15
period,15
donations,15
fortunate,15
arrived,15
picture,15
observation,15
reasonable,15
false,15
immediate,15
duty,15
agree,15
worse,15
says,15
disagreeable,15
calling,15
declared,15
belief,15
judgment,15
humour,15
justice,15
beautiful,15
evil,14
occurred,14
asking,14
struck,14
eagerly,14
principal,14
welcome,14
thanks,14
visitors,14
difficult,14
wedding,14
determine,14
alarm,14
respectable,14
deceived,14
influence,14
archive,14
greatly,14
persons,14
aware,14
wishing,14
painful,14
creature,14
compassion,14
entrance,14
sentence,14
gratified,14
stood,14
learnt,14
books,14
assistance,14
forgotten,14
parted,14
trademark,14
lived,14
assurance,14
plan,14
child,14
literary,14
probable,14
possibility,14
speech,14
astonished,14
kent,14
elegant,14
supposing,14
tolerably,14
farther,14
listen,14
looks,14
meaning,14
shire,14
consideration,14
prospect,14
behind,14
rich,13
grateful,13
plain,13
constant,13
applied,13
lose,13
leisure,13
required,13
add,13
forth,13
protested,13
contempt,13
distressed,13
turning,13
standing,13
relief,13
story,13
hint,13
beginning,13
produced,13
clothes,13
suffer,13
finding,13
intimate,13
spend,13
request,13
nearly,13
frequent,13
enjoyment,13
difference,13
etc,13
secure,13
colour,13
twice,13
anger,13
tea,13
consent,13
stranger,13
hard,13
single,13
interference,13
understood,13
agreed,13
yesterday,13
ideas,13
generous,13
judge,13
danced,13
sooner,13
partiality,13
begin,13
recollected,13
ebook,13
considering,13
unhappy,13
eager,13
ran,13
conceal,13
dared,13
seriously,13
happen,12
joy,12
copy,12
denny,12
steady,12
disappointed,12
education,12
actually,12
bringing,12
admired,12
engagements,12
expressions,12
courage,12
permission,12
free,12
amongst,12
congratulations,12
ground,12
lane,12
accomplished,12
garden,12
favourable,12
perceived,12
music,12
attached,12
enter,12
observing,12
parties,12
due,12
servants,12
amusement,12
hall,12
approaching,12
church,12
delicacy,12
follow,12
occasionally,12
heaven,12
folly,12
naturally,12
tuesday,12
lord,12
compliments,12
shortly,12
try,12
comfortable,12
grieved,12
believing,12
apprehension,12
application,12
lately,12
learn,12
silly,12
recommend,12
nieces,12
pay,12
considerable,12
recollection,12
noble,12
hurry,11
cousins,11
lips,11
introduction,11
moments,11
disgrace,11
aloud,11
boast,11
inquiry,11
opposite,11
dances,11
laughed,11
necessity,11
spirit,11
remain,11
inclined,11
passing,11
sentiments,11
confusion,11
earnestly,11
satisfy,11
imprudent,11
visitor,11
chaise,11
smallest,11
itself,11
rendered,11
views,11
mamma,11
relationship,11
six,11
wants,11
sudden,11
objections,11
loved,11
goodness,11
excited,11
seldom,11
relate,11
provide,11
hill,11
neighbours,11
proposal,11
bow,11
support,11
income,11
private,11
supper,11
offended,11
relation,11
fears,11
flatter,11
consolation,11
returning,11
confidence,11
rational,11
increasing,11
drove,11
fall,11
provided,11
besides,11
invited,11
decided,11
important,11
increased,11
wild,11
esteem,11
feared,11
moreover,11
finished,11
caught,11
including,11
introduce,11
shook,11
run,11
instrument,11
neglect,11
paragraph,11
elopement,11
dreadful,11
desirable,11
gained,11
law,11
highest,10
laughing,10
utmost,10
imprudence,10
shame,10
inquire,10
low,10
entail,10
access,10
chiefly,10
insufficient,10
virtue,10
smiles,10
parish,10
bennets,10
undoubtedly,10
along,10
stand,10
lambton,10
possession,10
partial,10
embarrassment,10
amazement,10
study,10
interruption,10
reflection,10
addition,10
lines,10
wretched,10
staying,10
prepared,10
debts,10
fresh,10
laws,10
impatience,10
knows,10
observe,10
makes,10
listening,10
happiest,10
attentive,10
thither,10
explanation,10
youth,10
intimacy,10
escape,10
secrecy,10
note,10
pronounced,10
refund,10
explained,10
unlucky,10
encouragement,10
twenty,10
quit,10
vexation,10
furniture,10
charm,10
tears,10
property,10
probability,10
excessively,10
unwilling,10
reynolds,10
accompanied,10
informed,10
card,10
preference,10
gives,10
hurried,10
remarkably,10
heartily,10
quick,10
waiting,10
style,10
elder,10
smiling,10
proceeded,10
direction,10
communication,10
concluded,10
running,10
sincere,10
contrary,10
violent,10
triumph,10
overcome,10
consequently,10
proposals,10
subjects,10
strange,10
endeavoured,10
authority,10
complete,10
awkward,10
friendship,10
offered,10
spared,9
exertion,9
remembered,9
formal,9
act,9
persuasion,9
show,9
bore,9
month,9
improvement,9
sincerely,9
admitted,9
likes,9
forgive,9
eight,9
material,9
peculiar,9
difficulty,9
sunday,9
entering,9
reception,9
threw,9
elegance,9
become,9
honoured,9
comply,9
attending,9
coach,9
interrupted,9
mistress,9
occasions,9
suspected,9
female,9
hate,9
close,9
deserve,9
death,9
past,9
impression,9
cheerful,9
gardiners,9
valuable,9
dressing,9
longed,9
assurances,9
quitted,9
declare,9
refuse,9
monday,9
parting,9
laid,9
contain,9
grave,9
uncommonly,9
quarter,9
fellow,9
introduced,9
language,9
wednesday,9
repeatedly,9
tall,9
ourselves,9
incapable,9
clear,9
guarded,9
directed,9
expense,9
mistake,9
moved,9
continue,9
console,9
remaining,9
noticed,9
thankful,9
gracechurch,9
inform,9
hastily,9
patience,9
prove,9
whisper,9
value,9
contents,9
reflections,9
discover,9
haste,9
placed,9
rejoiced,9
clever,9
stairs,9
pity,9
quietly,9
line,9
number,9
assembly,9
fire,9
humble,9
changed,9
www,9
jenkinson,9
minute,9
suspicion,9
fashion,9
recommended,9
propriety,9
various,9
parts,8
abode,8
instance,8
sentiment,8
rooms,8
begged,8
misfortune,8
exclaimed,8
variety,8
couple,8
insist,8
collection,8
totally,8
clergyman,8
doors,8
extent,8
unknown,8
bestowed,8
remarks,8
description,8
below,8
shown,8
safe,8
properly,8
apology,8
reach,8
officer,8
recollections,8
conclusion,8
relieved,8
according,8
unexpected,8
direct,8
gentlemanlike,8
instant,8
fee,8
dined,8
warmth,8
hers,8
impatient,8
solicitude,8
uncomfortable,8
suffered,8
concerns,8
throw,8
fun,8
differently,8
figure,8
wherever,8
watching,8
admit,8
indebted,8
frightened,8
check,8
prepare,8
arrangement,8
carried,8
separation,8
formerly,8
enjoy,8
encouraged,8
somebody,8
inquired,8
follows,8
freely,8
king,8
usually,8
river,8
approach,8
notion,8
wondered,8
hundred,8
severe,8
perceive,8
possibly,8
gracious,8
actual,8
quitting,8
heightened,8
delicate,8
utter,8
uneasy,8
order,8
chooses,8
alteration,8
certainty,8
vexed,8
dwelling,8
expressing,8
ordered,8
ignorance,8
nay,8
gallantry,8
indignation,8
ma,8
sound,8
force,8
objects,8
acknowledge,8
refusal,8
openly,8
evils,8
tax,8
thrown,8
scotland,8
advantages,8
eagerness,8
lest,8
opinions,8
shocked,8
coffee,8
taught,8
governess,8
matters,8
service,8
impertinence,8
features,8
discovered,8
warmly,8
lodge,8
unpleasant,8
seeking,8
altogether,8
deny,8
somewhat,8
sacrifice,8
strongly,8
advise,8
seek,8
nonsense,8
idle,8
neighbour,8
doubted,8
sex,8
drawn,8
truly,8
complexion,8
employed,8
foolish,8
interested,8
alarmed,8
reproach,8
balls,8
memory,8
stayed,8
hold,8
remarkable,8
arise,8
chosen,8
owner,8
horses,8
showed,8
art,7
explain,7
don,7
quest,7
circle,7
cared,7
embarrassed,7
discovery,7
appears,7
office,7
efforts,7
using,7
altered,7
motives,7
commission,7
expectations,7
approbation,7
exercise,7
charles,7
parents,7
st,7
eligible,7
tempted,7
allowing,7
liberty,7
reserved,7
distributing,7
distribute,7
suit,7
fancied,7
proof,7
teasing,7
display,7
entreaty,7
rate,7
disapprobation,7
takes,7
author,7
dependence,7
distinction,7
urged,7
pretend,7
represented,7
desirous,7
created,7
thanked,7
fast,7
copies,7
lucky,7
paper,7
keeping,7
conjecture,7
condescension,7
located,7
occasional,7
selfish,7
resemblance,7
playing,7
source,7
orders,7
names,7
removal,7
dreaded,7
original,7
wit,7
blind,7
o,7
resolving,7
settle,7
describe,7
tour,7
distinguished,7
completely,7
cost,7
syllable,7
associated,7
actions,7
acted,7
unfortunate,7
section,7
weak,7
spot,7
worst,7
established,7
honourable,7
schemes,7
concealed,7
friendly,7
expose,7
guard,7
peace,7
temptation,7
third,7
finally,7
date,7
endeavours,7
mere,7
treated,7
cards,7
welcomed,7
unreasonable,7
ebooks,7
companions,7
parlour,7
sixteen,7
entertained,7
succeeded,7
effort,7
u,7
reserve,7
roused,7
displaying,7
getting,7
rising,7
deserved,7
claim,7
sweet,7
hands,7
command,7
appearing,7
owed,7
fool,7
bestow,7
directions,7
raptures,7
mentioning,7
paying,7
civilities,7
fault,7
woods,7
ventured,7
intending,7
satisfactory,7
falsehood,7
patroness,7
assist,7
glance,7
alluded,7
wanting,7
lead,7
uneasiness,7
domestic,7
profession,7
concerning,7
habit,7
telling,7
deep,7
larger,7
rejoice,7
affairs,7
waited,7
flattered,7
drink,7
post,7
kindly,7
afford,7
game,7
esteemed,7
defect,7
inn,7
north,7
blushed,7
contained,7
congratulate,7
addresses,7
possess,7
improved,7
trusted,7
discourse,7
performed,7
gallery,7
refusing,7
rose,7
supply,7
renewal,7
families,7
watched,7
quiet,7
improbable,7
merit,7
quality,7
secret,7
commendation,7
behaved,7
qualities,7
papa,6
louisa,6
approached,6
raised,6
dropped,6
intercourse,6
plainly,6
perverseness,6
continually,6
inconvenience,6
mortification,6
trying,6
deference,6
beauties,6
causes,6
impropriety,6
gradually,6
repeating,6
grew,6
re,6
corps,6
ways,6
wisest,6
indulgence,6
press,6
characters,6
abhorrence,6
pursuit,6
disdain,6
suspense,6
ay,6
m,6
establishment,6
collinses,6
lawn,6
arising,6
sick,6
genius,6
christmas,6
violently,6
seat,6
delay,6
human,6
gratifying,6
method,6
mile,6
departure,6
gate,6
purchase,6
cheerfulness,6
lay,6
result,6
beneath,6
touched,6
warm,6
sees,6
somewhere,6
distressing,6
useful,6
stronger,6
militia,6
gentle,6
active,6
grounds,6
afforded,6
invite,6
complying,6
recovered,6
fifty,6
conclude,6
everyone,6
produce,6
miserable,6
forbearance,6
willing,6
fitted,6
owe,6
curious,6
delayed,6
declined,6
entreat,6
acceptable,6
useless,6
proceed,6
hurt,6
across,6
purposely,6
lakes,6
moving,6
professions,6
bingleys,6
necessarily,6
hopeless,6
resigned,6
separate,6
carriages,6
recover,6
conceited,6
obligation,6
encourage,6
impertinent,6
broken,6
oblige,6
entailed,6
proceeding,6
dressed,6
engaging,6
fail,6
advisable,6
presence,6
error,6
occupied,6
ceased,6
modesty,6
pursue,6
shocking,6
matrimony,6
voluntarily,6
personal,6
travelling,6
chair,6
twelvemonth,6
county,6
uncommon,6
described,6
powers,6
refused,6
recollect,6
village,6
bed,6
gown,6
respects,6
desired,6
accident,6
carry,6
strength,6
putting,6
entreaties,6
performance,6
spare,6
prefer,6
closed,6
entertainment,6
limited,6
increase,6
employment,6
justify,6
accordingly,6
ones,6
draw,6
cross,6
effects,6
birth,6
defects,6
weather,6
renewed,6
preparing,6
pleasures,6
cases,6
independence,6
mortifying,6
court,6
evidently,6
softened,6
reminded,6
displeasure,6
obtain,6
weight,6
james,6
individual,6
finer,6
claims,6
earliest,6
tables,6
speedily,6
agitation,6
offers,6
dead,6
abominable,6
abilities,6
assembled,6
amused,6
aspect,6
compliance,6
stopped,6
windows,6
distribution,6
online,5
arguments,5
solemnity,5
likelihood,5
absurd,5
arisen,5
impatiently,5
shut,5
spending,5
nearest,5
intelligent,5
charms,5
escaped,5
attempted,5
odd,5
inducement,5
critical,5
vacant,5
apologize,5
engrossed,5
mend,5
disguise,5
progress,5
welfare,5
amends,5
rid,5
ruin,5
venture,5
novelty,5
horse,5
touch,5
previous,5
preserve,5
complaisance,5
tranquillity,5
leading,5
confined,5
recollecting,5
philosophy,5
page,5
shop,5
occur,5
whist,5
humanity,5
adding,5
attend,5
economy,5
unaffected,5
eat,5
mutual,5
unjust,5
offence,5
driven,5
sufficient,5
failed,5
sufficiently,5
recent,5
insolent,5
example,5
imagined,5
sum,5
dish,5
ring,5
crossed,5
permitted,5
volunteers,5
unnatural,5
pains,5
principally,5
conscience,5
cruelty,5
punishment,5
spring,5
confirmation,5
sing,5
quarrel,5
defective,5
fifteen,5
energy,5
twelve,5
arose,5
opposed,5
treat,5
divided,5
sad,5
events,5
distributed,5
amusing,5
ah,5
inquiring,5
phrase,5
later,5
provoke,5
suggested,5
breach,5
borne,5
happily,5
dress,5
interrupt,5
attributed,5
respectability,5
acutely,5
protected,5
allusion,5
sweetness,5
dignity,5
secured,5
horror,5
white,5
polite,5
accepting,5
addison,5
engage,5
dwelt,5
visible,5
obliging,5
distant,5
sought,5
capital,5
principle,5
bitterness,5
emotion,5
moral,5
deeply,5
unfolded,5
lover,5
discretion,5
ceremony,5
hasty,5
steps,5
relating,5
history,5
ridicule,5
pretensions,5
insensibility,5
front,5
shared,5
designed,5
accidentally,5
alacrity,5
pointed,5
discussion,5
sides,5
condescended,5
attractions,5
censure,5
alarming,5
teach,5
indulge,5
melancholy,5
grown,5
expenses,5
injured,5
uttered,5
lovers,5
additional,5
displayed,5
similar,5
wise,5
enumerating,5
elsewhere,5
exposing,5
argument,5
correspondence,5
included,5
trees,5
copying,5
treatment,5
approve,5
assert,5
expecting,5
deficient,5
summoned,5
misfortunes,5
reflect,5
diffidence,5
piece,5
providing,5
requiring,5
medium,5
places,5
humility,5
list,5
justified,5
materially,5
disgraceful,5
forgot,5
novels,5
estimation,5
refreshment,5
proposed,5
november,5
infinitely,5
freedom,5
uncivil,5
trifle,5
reasons,5
adieu,5
fishing,5
replacement,5
finish,5
benefit,5
middle,5
extreme,5
lodgings,5
anne,5
guest,5
disadvantage,5
calm,5
lower,5
swift,5
absolute,5
song,5
restraint,5
stared,5
withdrew,5
valued,5
mortified,5
accomplishments,5
checked,5
remains,5
pressing,5
visits,5
fully,5
coloured,5
entertain,5
recovering,5
meanwhile,5
amuse,5
perform,5
trifling,5
weakness,5
thin,5
steward,5
mercenary,5
disgust,5
letting,5
presentation,5
nice,5
gratefully,5
inferior,5
england,5
mode,5
fish,5
repeat,5
advanced,5
declaration,5
message,5
visiting,5
pianoforte,5
vestibule,5
liberal,5
solemn,5
endeavouring,5
mixture,5
nearer,5
won,5
jones,5
joining,5
amazed,5
morrow,5
convenient,5
fearful,5
risk,5
pointing,5
imaginary,5
start,5
measure,5
guess,5
courtesy,5
held,5
strike,5
cautious,4
positive,4
worked,4
withheld,4
procured,4
slightly,4
humbled,4
romantic,4
valley,4
grow,4
rejected,4
briefly,4
space,4
earlier,4
army,4
carter,4
furnish,4
meat,4
affect,4
occurrences,4
management,4
senses,4
strangers,4
reproof,4
situated,4
lieu,4
requirements,4
field,4
kingdom,4
buy,4
demand,4
copse,4
debt,4
clapham,4
unpardonable,4
special,4
wilfully,4
showing,4
thanking,4
luck,4
intentions,4
stream,4
shape,4
unlikely,4
imputed,4
benefited,4
format,4
gravely,4
entitled,4
honestly,4
affability,4
forcibly,4
doubtless,4
grievous,4
whilst,4
widely,4
supposition,4
preserved,4
younge,4
quadrille,4
exact,4
delightfully,4
affront,4
endured,4
repaired,4
houses,4
loving,4
admirable,4
salutation,4
visited,4
viewing,4
succeeding,4
remark,4
covering,4
rejoicing,4
phaeton,4
obtained,4
interval,4
apply,4
piling,4
becomes,4
falling,4
shrubbery,4
scruple,4
powerful,4
enjoying,4
numerous,4
receipt,4
contemplation,4
tongue,4
rapidity,4
thinks,4
unnecessary,4
inconvenient,4
reader,4
selected,4
dissatisfied,4
animation,4
handsomest,4
unguarded,4
attacks,4
compared,4
resent,4
fix,4
liveliness,4
affectionately,4
yield,4
careful,4
infamy,4
damages,4
animated,4
treasure,4
protesting,4
fatigue,4
begins,4
reaching,4
faint,4
nervous,4
cherished,4
scruples,4
promote,4
dinnertime,4
lives,4
harm,4
attack,4
secondly,4
ended,4
conjecturing,4
abominably,4
readiness,4
dread,4
minds,4
defy,4
cordiality,4
suspicions,4
willingly,4
prospects,4
impulse,4
tenderly,4
points,4
designs,4
nerves,4
likeness,4
thursday,4
hide,4
flattering,4
decide,4
screen,4
path,4
depart,4
water,4
forming,4
acting,4
sport,4
prudence,4
confused,4
induce,4
v,4
coat,4
rain,4
simpleton,4
contrivance,4
sincerity,4
contrast,4
breeding,4
practice,4
imagination,4
captain,4
dirty,4
awakened,4
characteristic,4
speeches,4
execution,4
anticipated,4
deceive,4
remind,4
studying,4
intelligible,4
occasioned,4
reasonably,4
editions,4
aside,4
catch,4
season,4
coolly,4
apologizing,4
warn,4
unwelcome,4
propose,4
disliked,4
decorum,4
arm,4
unwillingly,4
deliberation,4
singing,4
clearly,4
status,4
awe,4
perceiving,4
despatched,4
reject,4
dialogue,4
john,4
conference,4
trace,4
blush,4
professed,4
slowly,4
drive,4
bought,4
extended,4
habits,4
fancying,4
quickly,4
conceit,4
conjectures,4
yielding,4
acceptance,4
announce,4
pale,4
cruel,4
mark,4
activity,4
contented,4
hated,4
hesitation,4
residence,4
headstrong,4
suspect,4
competition,4
recommendation,4
promising,4
agitated,4
illustrations,4
deserves,4
witnessed,4
gravity,4
flirt,4
proportion,4
caprice,4
faults,4
preceding,4
skill,4
stupid,4
newcastle,4
displeased,4
c,4
sorrow,4
infamous,4
affections,4
gentleness,4
follies,4
decidedly,4
behalf,4
th,4
dull,4
pleasanter,4
sunk,4
depended,4
mission,4
die,4
formidable,4
symptom,4
formality,4
objectionable,4
preferred,4
trade,4
exclaiming,4
higher,4
driving,4
calculated,4
assuring,4
apothecary,4
happens,4
attempting,4
restoration,4
god,4
extravagance,4
calmness,4
attribute,4
complain,4
stupidity,4
website,4
tempt,4
delivered,4
injustice,4
hoping,4
examining,4
surely,4
blessing,4
talents,4
complacency,4
tender,4
hastened,4
unworthy,4
feels,4
unequal,4
absent,4
imposed,4
errors,4
luckily,4
fees,4
born,4
comforts,4
flirting,4
evenings,4
patronage,4
wisely,4
unconnected,4
lift,4
black,4
rode,4
repine,4
amidst,4
holder,4
construction,4
heavy,4
consistent,4
prudent,4
betrayed,4
frankness,4
hints,4
fielding,4
insensible,4
reduced,4
regular,4
english,4
acknowledgment,4
assisted,4
score,4
bell,4
unlike,4
grandeur,4
blessed,4
abroad,4
privately,4
employments,4
cheeks,4
excessive,4
arts,4
representation,4
obstinate,4
slightest,4
creating,4
unite,4
complaints,4
carrying,4
extravagant,4
sly,4
apartment,4
introducing,4
allowance,4
glancing,4
examined,4
fatigued,4
fit,4
confirmed,4
wood,4
varied,4
husbands,4
t,4
sickly,4
solitary,4
flow,4
alive,4
dismissed,4
confessed,4
incumbent,4
regrets,4
sensibility,4
complied,4
opportunities,4
tired,4
ridiculous,4
walks,4
posted,4
estates,4
require,4
shows,4
jealousy,4
attendance,4
solely,4
extensive,4
encouraging,4
june,4
perusal,4
size,4
started,4
convince,4
narrow,4
converse,4
experienced,4
supported,4
eighteenth,4
owing,4
accuse,4
awkwardness,4
pleasantly,4
accent,4
stop,4
instances,4
justly,4
sole,4
lessen,4
killed,4
resist,4
earl,3
watch,3
belonged,3
opposition,3
farm,3
abundantly,3
disclaimer,3
dejection,3
render,3
easiness,3
diversion,3
convenience,3
beholding,3
claimed,3
throughout,3
copied,3
existence,3
returns,3
provoked,3
distrust,3
flutter,3
retired,3
implied,3
blaming,3
unconsciously,3
explaining,3
separated,3
wilful,3
vice,3
becoming,3
tidings,3
admires,3
incredible,3
pen,3
vulgar,3
openness,3
dying,3
betray,3
donate,3
reliance,3
mischief,3
boy,3
quartered,3
shoes,3
speaks,3
ponies,3
sharing,3
faces,3
royalties,3
crammed,3
inhabitants,3
thorough,3
hurrying,3
involved,3
instructions,3
liability,3
alternative,3
detained,3
wounded,3
envy,3
regimentals,3
legal,3
incivility,3
resented,3
dearly,3
petticoat,3
inferiority,3
examination,3
widow,3
contentment,3
communicate,3
insignificance,3
belong,3
green,3
fallen,3
portion,3
miller,3
tumult,3
stationed,3
growing,3
despaired,3
hackney,3
presently,3
disinterested,3
lovely,3
minutely,3
guardianship,3
bless,3
whichever,3
quickness,3
candour,3
offences,3
obeyed,3
sources,3
privileged,3
passages,3
wandering,3
denied,3
saved,3
replying,3
agreeing,3
hot,3
overcame,3
graces,3
accompany,3
research,3
elevation,3
handsomer,3
seeming,3
reputation,3
mixed,3
invariably,3
excepting,3
bent,3
security,3
nuptials,3
ordinary,3
guilt,3
rude,3
grove,3
title,3
wide,3
overlooked,3
promises,3
interview,3
needless,3
learned,3
desperate,3
intervals,3
substance,3
authorized,3
rector,3
per,3
fret,3
unfeeling,3
whence,3
presumption,3
adorned,3
sheet,3
afternoon,3
busily,3
shaken,3
thoughtless,3
faithful,3
perpetually,3
needed,3
bidding,3
defiance,3
links,3
withdrawn,3
remembrance,3
royalty,3
bit,3
suited,3
plague,3
writer,3
accomplishment,3
robinson,3
approved,3
devoted,3
existed,3
effectually,3
offensive,3
outside,3
quarrelling,3
scenes,3
group,3
determination,3
relative,3
building,3
banished,3
attorney,3
cruelly,3
officious,3
intrusion,3
destroyed,3
hills,3
preface,3
slighted,3
avowal,3
wonders,3
accusations,3
height,3
keeps,3
setting,3
meanly,3
represent,3
assertion,3
reconciled,3
sweetest,3
passion,3
nind,3
liable,3
struggles,3
mouths,3
hither,3
hair,3
genteel,3
ungenerous,3
partners,3
prosperity,3
misunderstood,3
ride,3
summons,3
anguish,3
notions,3
lament,3
applicable,3
wonderfully,3
detest,3
deigned,3
splendid,3
steadfastly,3
incredulous,3
pronounce,3
contact,3
contrived,3
denial,3
unhappily,3
article,3
school,3
noise,3
punish,3
vary,3
refrain,3
divide,3
sketch,3
rejection,3
entity,3
caution,3
muslin,3
destined,3
unconcern,3
proprietor,3
placing,3
obsequious,3
lewis,3
boys,3
bowed,3
bordering,3
assertions,3
negative,3
successful,3
vulgarity,3
whispering,3
compose,3
contracted,3
submit,3
postscript,3
derivative,3
gloomy,3
hospitality,3
unluckily,3
bridge,3
undeserving,3
missed,3
move,3
pitied,3
user,3
observations,3
repetition,3
tallest,3
pompous,3
deeper,3
defer,3
maid,3
merry,3
official,3
fetch,3
traced,3
dawson,3
suitable,3
confession,3
frivolous,3
remove,3
derive,3
confident,3
consciousness,3
red,3
encounter,3
camp,3
housekeeping,3
carefully,3
accounting,3
firm,3
listener,3
figures,3
thoroughly,3
survive,3
exhibition,3
hereafter,3
complimented,3
composedly,3
pocket,3
conditions,3
wine,3
payments,3
transactions,3
provoking,3
intermission,3
presents,3
invaluable,3
pleasantness,3
joke,3
tendency,3
odious,3
preferment,3
ascended,3
performing,3
insupportable,3
crowded,3
composed,3
inevitable,3
cordial,3
violence,3
continuance,3
built,3
courses,3
meditating,3
cordially,3
questioned,3
announced,3
overheard,3
discomposure,3
tease,3
spiteful,3
abusing,3
momentary,3
thoughtlessness,3
brings,3
prognostics,3
obeisance,3
continual,3
lamentations,3
flight,3
shoot,3
anywhere,3
cease,3
stopping,3
frost,3
offend,3
conversing,3
revived,3
disgusted,3
defence,3
gravel,3
olive,3
hesitate,3
descended,3
farewell,3
dignified,3
descent,3
spread,3
considerably,3
miniatures,3
discharged,3
unreserved,3
save,3
despise,3
solicit,3
sisterly,3
adopt,3
defend,3
hesitated,3
limitation,3
horrid,3
angel,3
improve,3
admirer,3
sinking,3
comprehended,3
xxv,3
comparatively,3
containing,3
signify,3
thirty,3
epsom,3
vast,3
provision,3
gross,3
decent,3
warranties,3
discussed,3
universally,3
oftener,3
apparent,3
liveliest,3
excite,3
irritation,3
broke,3
annesley,3
safely,3
civilly,3
succeed,3
err,3
excellence,3
willingness,3
silently,3
disengaged,3
punctual,3
deprived,3
secretly,3
survey,3
respected,3
privilege,3
settling,3
answering,3
lot,3
easter,3
changing,3
feature,3
dependent,3
voluntary,3
uniformly,3
playfulness,3
oppose,3
ungracious,3
suitableness,3
affinity,3
heroines,3
sensation,3
final,3
recovery,3
peculiarly,3
condemn,3
measures,3
disdained,3
despised,3
eloquence,3
contrive,3
accounts,3
noisy,3
mantel,3
steadily,3
forbid,3
review,3
experience,3
travellers,3
loves,3
custom,3
miniature,3
intolerable,3
search,3
constantly,3
reprehensible,3
adapted,3
overpowered,3
communicated,3
greatness,3
died,3
readers,3
colouring,3
northern,3
emma,3
loud,3
bonnet,3
sensations,3
waiter,3
preaching,3
iv,3
patron,3
equipment,3
pursuing,3
disconcerted,3
paused,3
poorly,3
tickets,3
significant,3
glow,3
diverted,3
nicely,3
planned,3
relates,3
procuring,3
purchased,3
benevolence,3
retirement,3
walker,3
publicly,3
ate,3
agreeably,3
sleep,3
keenest,3
fingers,3
b,3
familiar,3
saving,3
cynicism,3
shade,3
envelope,3
owned,3
witness,3
incredulity,3
prodigiously,3
studies,3
jealous,3
striking,3
gaining,3
unassuming,3
lottery,3
bride,3
avowed,3
resolutely,3
tenderness,3
bound,3
owns,3
fearing,3
impartial,3
mornings,3
blue,3
determining,3
sink,3
collected,3
removing,3
vouch,3
attach,3
indirect,3
attentively,3
available,3
nonsensical,3
generations,3
consult,3
objecting,3
stately,3
total,3
mildness,3
burst,3
daily,3
universal,3
accidental,3
paddock,3
branch,3
advised,3
respecting,3
advantageously,3
shock,3
modern,3
affectation,3
drop,3
obligations,3
regarded,3
ramsgate,3
route,3
advance,3
pitiable,3
integrity,3
barely,3
conceive,3
overthrown,3
composition,3
haughty,3
pretending,3
judged,3
applying,3
poultry,3
guessed,3
talent,3
punctually,3
happier,3
lasted,3
banish,3
politely,3
wonderful,3
adds,3
perseverance,3
la,3
tis,3
paragraphs,3
ceremonious,3
serenity,3
overlook,3
alliance,3
scandalous,3
offending,3
misunderstand,3
grieve,3
restrictions,3
inviting,3
condition,3
disappointing,3
rationally,3
reflected,3
unfortunately,3
offering,3
unexpectedly,3
solitude,3
rewarded,3
unwillingness,3
wealth,3
assume,3
worthy,3
addressing,3
decease,3
union,3
cool,3
manage,3
rapid,3
conscious,3
exclamations,3
consoling,3
raising,3
faulty,3
unsettled,3
amusements,3
handed,3
urgent,3
spectator,3
overspread,3
reserves,3
recital,3
sermons,3
gloom,3
shan,3
insipid,2
destitute,2
poetry,2
doubts,2
persist,2
involving,2
courted,2
abruptness,2
apprehensions,2
speedy,2
unavailing,2
include,2
detain,2
sanguine,2
prepossession,2
admitting,2
intricate,2
duties,2
slow,2
settlement,2
consciously,2
faculties,2
ancles,2
falls,2
remedy,2
wink,2
familiarity,2
begun,2
intend,2
pleasantest,2
sermon,2
milliner,2
suspended,2
cautioning,2
absurdities,2
scale,2
eminent,2
worthless,2
carelessness,2
duplicity,2
smilingly,2
xiii,2
holding,2
instruction,2
discouraged,2
whither,2
wondering,2
chiswick,2
morality,2
vi,2
x,2
xxxi,2
imaginable,2
livery,2
saloon,2
meets,2
favourably,2
reel,2
loveliness,2
discredit,2
weighed,2
abominate,2
meanness,2
earnestness,2
performer,2
stated,2
exposed,2
regardless,2
prettier,2
somehow,2
throwing,2
pratt,2
injurious,2
conjectured,2
infinite,2
vanilla,2
wet,2
wretchedness,2
ensued,2
involve,2
healthy,2
uncertain,2
ascertain,2
trial,2
rallied,2
exerted,2
variation,2
essential,2
xl,2
everywhere,2
deficiency,2
loudly,2
tenants,2
meditated,2
commanded,2
rise,2
gradual,2
creditable,2
intentionally,2
merited,2
abusive,2
abruptly,2
charmingly,2
anecdote,2
originally,2
exclusion,2
wandered,2
narrowly,2
involuntarily,2
idleness,2
fantastic,2
regretting,2
spiritless,2
cheering,2
dishonourable,2
affronted,2
fretfully,2
uncles,2
covered,2
collecting,2
solidity,2
unaffectedly,2
comparative,2
embracing,2
induced,2
incessantly,2
toilette,2
nephews,2
explicit,2
non,2
thereupon,2
directing,2
disclaim,2
consists,2
weaknesses,2
ix,2
daring,2
completed,2
based,2
refreshing,2
fortunately,2
liberally,2
tradesman,2
popular,2
trespass,2
resolve,2
dinners,2
inheriting,2
fanny,2
surrounding,2
forgetting,2
retaining,2
crying,2
societies,2
modest,2
testimony,2
apprehended,2
discuss,2
station,2
gain,2
stating,2
gouldings,2
computers,2
heroine,2
xxxiv,2
fourth,2
guidance,2
disgracing,2
veracity,2
fonder,2
fashions,2
envied,2
cast,2
eloquent,2
suggest,2
ecstasy,2
sanctioned,2
congratulated,2
genuine,2
strenuously,2
mouth,2
prone,2
presented,2
godson,2
innocent,2
expedient,2
subsisted,2
duration,2
lesson,2
cutting,2
statement,2
correspondent,2
miraculous,2
derived,2
governed,2
regulars,2
undergone,2
obtaining,2
ingenious,2
amply,2
tranquil,2
noon,2
sheltered,2
stone,2
borrow,2
communications,2
shyness,2
indelicacy,2
wounding,2
vague,2
flew,2
barnet,2
registered,2
destroy,2
departed,2
soup,2
arrive,2
improper,2
inattention,2
pretence,2
suffering,2
prevailing,2
action,2
doubting,2
awful,2
shaking,2
guide,2
practises,2
unjustly,2
warranty,2
possesses,2
upper,2
awake,2
obstacles,2
excuses,2
suppressed,2
assiduous,2
lizzie,2
checking,2
protection,2
resentfully,2
range,2
surmise,2
studied,2
parcels,2
parade,2
stretch,2
generality,2
vexatious,2
ours,2
legally,2
avoidance,2
horseback,2
shameful,2
warehouses,2
christian,2
suspicious,2
loo,2
disrespect,2
coachman,2
contributions,2
diana,2
amendment,2
physical,2
stiffness,2
precipitance,2
hitherto,2
unhappiness,2
mis,2
condole,2
annum,2
guardian,2
depending,2
exasperate,2
flirtation,2
masterly,2
alas,2
moderation,2
censured,2
unembarrassed,2
characteristics,2
footing,2
inattentive,2
pecuniary,2
whittingham,2
chancery,2
enabled,2
excel,2
spoilt,2
philipses,2
shy,2
embraced,2
stockings,2
model,2
entreated,2
scrupled,2
incomprehensible,2
consulted,2
licence,2
disgusting,2
amazing,2
hauteur,2
lasting,2
irritable,2
hugh,2
crawford,2
novelist,2
nowhere,2
laying,2
courtship,2
poverty,2
spoiled,2
perplexity,2
sigh,2
manager,2
maternal,2
domain,2
forms,2
comfortably,2
avail,2
hundreds,2
xvi,2
reluctant,2
concealment,2
expeditiously,2
alternate,2
barbara,2
hypocritical,2
volume,2
lodges,2
repressed,2
purchases,2
soothe,2
thereby,2
triumphantly,2
deepest,2
assented,2
behaves,2
sending,2
cheap,2
resentful,2
pretended,2
suppress,2
decency,2
federal,2
protest,2
arrested,2
excused,2
peevish,2
distracted,2
portrait,2
decline,2
accosted,2
condemned,2
contributes,2
charged,2
failing,2
awed,2
dated,2
stirring,2
impressed,2
survivor,2
requested,2
yawn,2
closest,2
originated,2
xlvi,2
whims,2
articles,2
anxiously,2
meetings,2
exquisite,2
minuteness,2
lxi,2
knighthood,2
illness,2
serve,2
conjugal,2
possessed,2
firmest,2
crossing,2
females,2
denoted,2
applies,2
exaggeration,2
similarity,2
discern,2
nasty,2
impose,2
astonish,2
impenetrably,2
intrude,2
hearty,2
singular,2
reconciliation,2
compatible,2
perfections,2
sharp,2
tones,2
accordance,2
despite,2
counted,2
soliciting,2
affording,2
glass,2
promoting,2
co,2
xxxvi,2
circumspection,2
sparkled,2
staircase,2
inflict,2
dilatory,2
thomson,2
pathetic,2
enable,2
detailed,2
ere,2
adieus,2
moderate,2
polished,2
brotherly,2
disturbed,2
principles,2
gathered,2
longing,2
worldly,2
instinctively,2
yourselves,2
indolence,2
conquest,2
purport,2
mistakes,2
accused,2
ruskin,2
masters,2
punctuality,2
apparently,2
transports,2
detached,2
rapturous,2
creditors,2
west,2
maintained,2
argemone,2
depressed,2
facts,2
gets,2
flying,2
unwell,2
indulged,2
rapidly,2
distinguish,2
retained,2
humiliation,2
impudence,2
conveyed,2
seats,2
exert,2
explanations,2
updated,2
injury,2
michaelmas,2
plead,2
hastening,2
foreseen,2
sons,2
rudeness,2
brothers,2
dwell,2
etiquette,2
slyness,2
aloof,2
periods,2
atonement,2
examine,2
rattle,2
retailing,2
intruding,2
occupy,2
avoiding,2
breast,2
passage,2
informing,2
leads,2
fretfulness,2
mortal,2
fluttered,2
impudent,2
effusions,2
reports,2
consoled,2
landlord,2
city,2
email,2
painter,2
extracts,2
paltry,2
praises,2
partly,2
lagged,2
birds,2
jokes,2
discontented,2
deferred,2
dark,2
resistance,2
ample,2
testified,2
elevated,2
plans,2
comprised,2
ascii,2
thirdly,2
interrupting,2
discharging,2
novel,2
belongs,2
xxx,2
springing,2
leaves,2
threadbare,2
conducted,2
partake,2
thoughtfulness,2
assemblies,2
compassionate,2
obstinacy,2
requesting,2
double,2
preservation,2
break,2
effusion,2
unaccountable,2
obtruded,2
dreadfully,2
sakes,2
deserving,2
familiarly,2
forwarded,2
paint,2
failure,2
cruscans,2
ingenuity,2
edged,2
rage,2
tide,2
doubtful,2
players,2
unconcerned,2
pure,2
pledged,2
employ,2
bye,2
reputed,2
widest,2
plot,2
daresay,2
begging,2
exhausted,2
bred,2
restrain,2
file,2
pitiful,2
contradict,2
humiliating,2
grievances,2
conquer,2
matlock,2
vii,2
revenge,2
tempered,2
beloved,2
woody,2
haggerston,2
reference,2
shake,2
counteracted,2
fairly,2
humorous,2
notable,2
acquaint,2
commendations,2
neglecting,2
elapsed,2
limits,2
audience,2
pleasantry,2
circulation,2
memories,2
bitterly,2
grand,2
hereabouts,2
bordered,2
detection,2
improves,2
consulting,2
discernment,2
anticipating,2
pursued,2
painfully,2
w,2
bold,2
april,2
xx,2
substantial,2
correct,2
perturbation,2
generation,2
gaiety,2
liking,2
continuing,2
abide,2
satin,2
british,2
tiresome,2
hates,2
grief,2
cares,2
norris,2
realism,2
adventure,2
qualifications,2
slave,2
prejudices,2
electronically,2
beatrix,2
advantageous,2
fell,2
malicious,2
preparations,2
accounted,2
bearing,2
eltons,2
acquired,2
teased,2
discourage,2
rejecting,2
joyful,2
edge,2
ugly,2
accustomed,2
endless,2
worn,2
winking,2
brilliancy,2
subsisting,2
delights,2
boasted,2
oppressed,2
rapture,2
recommending,2
damage,2
pauses,2
fruits,2
fight,2
charing,2
saintsbury,2
minor,2
feverish,2
caring,2
wiser,2
ardently,2
harriet,2
banks,2
redistributing,2
references,2
type,2
nine,2
incensed,2
reproached,2
paling,2
defined,2
celebrated,2
chambermaid,2
praised,2
stands,2
affirmative,2
favourites,2
forgiveness,2
personages,2
xxiv,2
pleases,2
arranging,2
detaining,2
captivating,2
ruined,2
seized,2
pair,2
filial,2
soul,2
vent,2
unfit,2
loose,2
obvious,2
propensity,2
market,2
restored,2
bears,2
indignant,2
coldly,2
varying,2
redistribution,2
lie,2
wickedness,2
storm,2
appetite,2
guided,2
despising,2
precipitate,2
playful,2
convey,2
mansion,2
class,2
cheerfully,2
observer,2
recalled,2
expressive,2
pressed,2
attracted,2
fronted,2
attraction,2
intellectual,2
build,2
fellows,2
infancy,2
representing,2
revealed,2
guilty,2
void,2
wore,2
amount,2
mirth,2
fireplace,2
around,2
exercising,2
disposal,2
strokes,2
xxxii,2
bottle,2
scotch,2
intimately,2
atone,2
rob,2
draughts,2
happening,2
malice,2
price,2
exhibited,2
goes,2
recall,2
resignation,2
acknowledgments,2
inconveniences,2
glimpse,2
pausing,2
contribute,2
vindication,2
exempt,2
archly,2
rule,2
brightest,2
concurrence,2
breaking,2
parasol,2
consequences,2
sphere,2
unreasonably,2
manor,2
careless,2
confirming,2
pales,2
spots,2
penetration,2
mount,2
expressly,2
fastidious,2
prior,2
cleared,2
kissed,2
pack,2
laughingly,2
appeal,2
curricle,2
convention,2
hero,2
consisted,2
vanished,2
precious,2
unjustifiable,2
confidante,2
educated,2
comparing,2
boundary,2
concisely,2
discomposed,2
prosperous,2
fate,2
commencement,2
lifted,2
satire,2
drab,2
misrepresented,2
trusting,2
rightly,2
computer,2
artfully,2
lvi,2
breath,2
canvassed,2
acute,2
downstairs,2
apologies,2
vivacity,2
weary,2
blameless,2
disadvantages,2
connect,2
undoubted,2
xlix,2
hat,2
dutifully,2
discharge,2
violation,2
concept,2
subtle,2
distinctly,2
convert,2
sign,2
describing,2
confiding,2
development,2
accents,2
inspection,2
expressively,2
scolding,2
beheld,2
intently,2
immovable,2
warmest,2
gift,2
housemaid,2
repaid,2
remembering,2
reproofs,2
tooks,2
apologized,2
accompanying,2
misconduct,2
gardener,2
irksome,2
gratify,2
presuming,2
superiority,2
restrained,2
selfishness,2
befall,2
neatness,2
yielded,2
dirt,2
behave,2
acquit,2
singled,2
grosvenor,2
merits,2
deceitful,2
unfelt,2
handsomely,2
conversations,2
estimable,2
stout,2
portraits,2
mountains,2
previously,2
costs,2
abuse,2
assisting,2
insure,2
protect,2
whatsoever,2
sharpened,2
descending,2
answerable,2
sadly,2
january,2
panegyric,2
exceeded,2
scarlet,2
quarters,2
dispute,2
prevail,2
prey,2
prominently,2
working,2
startled,2
preservative,2
older,2
xxii,2
smart,2
conditionally,2
owes,2
calculate,2
insincere,2
strictest,2
planning,2
independent,2
release,2
fordyce,2
favours,2
unsuitable,2
existing,2
gretna,2
overhear,2
gowns,2
gay,2
neighbouring,2
cheapside,2
se,2
pages,2
bows,2
admiring,2
decisive,2
negligence,2
honours,2
gaieties,2
solicitation,2
acquiescence,2
sufferings,2
abused,2
pieces,2
fixing,2
positively,2
consequential,2
arranged,2
specified,2
quieted,2
presume,2
disappoint,2
century,2
xiv,2
undo,2
drily,2
finest,2
apartments,2
although,2
della,2
marks,2
excess,2
ramble,2
coarseness,2
stage,2
simple,2
struggled,2
kinder,2
temptations,2
scattered,2
termination,2
backgammon,2
neglected,2
exceed,2
mannish,2
unforgiving,2
gates,2
triumphant,2
forty,2
printed,2
desiring,2
maintaining,2
deserts,2
commended,2
recurring,2
breathless,2
liberality,2
differences,2
xv,2
signal,2
evenness,2
indignity,2
watchfulness,2
brink,2
permanent,2
faultless,2
overbearing,2
suspecting,2
sensibly,2
finery,2
consented,2
persisted,2
wound,2
inspired,2
term,2
gaily,2
relieve,2
meditate,2
ornaments,2
founded,2
fainter,2
exclamation,2
possessor,2
doings,2
judging,2
unfavourable,2
injure,2
thackeray,2
detected,2
laughter,2
disinclination,2
march,2
xii,2
uniform,2
stroke,2
xviii,2
theirs,2
derision,2
indisposed,2
renewing,2
brain,2
deliberately,2
collect,2
dovedale,2
xliv,2
tear,2
distinguishing,2
eating,2
turns,2
alike,2
glaring,2
executed,2
bright,2
attacked,2
blinded,2
inclinations,2
essentials,2
striving,2
cough,2
supplied,2
bitter,2
qualified,2
puzzle,2
additions,2
northward,2
s,2
rough,2
symptoms,2
inconsistency,2
meantime,2
repining,2
unprotected,2
xxi,2
headache,2
authoritative,2
fare,2
palpitated,1
imitation,1
solaced,1
premeditated,1
elevate,1
lieutenant,1
gratification,1
pools,1
coaxed,1
singling,1
unavoidably,1
irreligious,1
superseded,1
concluding,1
biting,1
tortured,1
ingratitude,1
painted,1
laboriously,1
productive,1
oddly,1
reverting,1
imputing,1
noticing,1
surveying,1
construed,1
filled,1
irretrievable,1
sequel,1
scorn,1
distributor,1
staff,1
memling,1
achieve,1
cook,1
arguing,1
surrounded,1
haunt,1
growth,1
blamelessness,1
sentences,1
lies,1
travelled,1
unregenerate,1
hating,1
tires,1
eligibility,1
dishes,1
accusation,1
overthrow,1
diminution,1
flaming,1
levelled,1
incur,1
countries,1
obsolete,1
jumping,1
port,1
dozen,1
invariable,1
awoke,1
mischievously,1
dispirited,1
unlink,1
periodic,1
choicest,1
puppets,1
netting,1
disbelieving,1
subsided,1
harmony,1
strongest,1
propensities,1
hence,1
outstrip,1
frankly,1
unerring,1
henry,1
surmises,1
performs,1
veneration,1
undertaken,1
triumphing,1
savours,1
deportment,1
acrimony,1
safest,1
l,1
production,1
mountain,1
foxhounds,1
piquet,1
rashness,1
sofas,1
transferred,1
imply,1
chamberlayne,1
disclosure,1
bewildered,1
inconceivable,1
vacancy,1
irrevocably,1
pettiness,1
mien,1
slept,1
grouped,1
verily,1
invent,1
motion,1
inexhaustible,1
insignificant,1
counterpart,1
local,1
perturbed,1
soldiers,1
repugnant,1
nectarines,1
pronouncing,1
speediest,1
expend,1
financial,1
quintessential,1
species,1
apt,1
october,1
conscientious,1
forgave,1
possessing,1
professing,1
disappointments,1
appeased,1
unusual,1
materialism,1
dealing,1
magnificent,1
nominally,1
childhood,1
parental,1
tend,1
hasten,1
rapturously,1
chap,1
assent,1
precision,1
negatived,1
unstudied,1
rainy,1
inmates,1
derives,1
boisterously,1
instructed,1
superlatively,1
extorted,1
disinclined,1
presumed,1
termed,1
congratulatory,1
practically,1
juanish,1
overtures,1
obsequiousness,1
deceiving,1
firmness,1
billiard,1
giddiness,1
encamped,1
tastes,1
borrowed,1
aspire,1
sarcastic,1
dispositions,1
vogue,1
clat,1
unrestrained,1
comfortless,1
stubbornness,1
subsequent,1
alighted,1
losing,1
brightening,1
eastbourne,1
parody,1
combination,1
element,1
resents,1
chronological,1
resentments,1
upbraiding,1
interfering,1
unfrequently,1
sheets,1
lobby,1
sarah,1
consequent,1
cherish,1
declares,1
venting,1
balm,1
agent,1
starting,1
gracefully,1
ridiculing,1
inherit,1
fervent,1
xxxviii,1
drinking,1
chin,1
sea,1
enjoyments,1
muslins,1
originate,1
overflows,1
modified,1
gravest,1
commerce,1
hinted,1
indulgent,1
interpose,1
turnpike,1
pictures,1
discontinuance,1
contradicted,1
revenue,1
tailpiece,1
instituted,1
recommenced,1
safety,1
impassable,1
mix,1
greif,1
revision,1
naturalness,1
maunders,1
intruder,1
avenue,1
beneficial,1
luncheon,1
drawings,1
fortitude,1
palliation,1
fat,1
admirers,1
semi,1
endeared,1
dislikes,1
misleads,1
insists,1
deduced,1
discernible,1
mingled,1
magnitude,1
depravity,1
resigning,1
firmly,1
disheartened,1
graceful,1
puzzled,1
insulted,1
shapely,1
metaphor,1
rash,1
inestimable,1
frigid,1
vernon,1
assistant,1
mince,1
carved,1
colder,1
larder,1
unbecoming,1
contrariwise,1
persuasions,1
votes,1
predecessor,1
yawned,1
process,1
recommendations,1
stirs,1
stepping,1
unfold,1
unpleasantly,1
invectives,1
supplication,1
viewed,1
cynical,1
sang,1
disagreement,1
duped,1
rendering,1
revenging,1
squeamish,1
eminence,1
untouched,1
ardent,1
horrible,1
duel,1
matchless,1
connects,1
burney,1
immensely,1
occurs,1
breathed,1
stability,1
pleaded,1
positions,1
sleeping,1
lv,1
heretofore,1
ultra,1
perforce,1
essence,1
glazing,1
anecdotes,1
congenial,1
repress,1
enlarging,1
decamping,1
bodies,1
wits,1
hotels,1
prohibited,1
tricks,1
cheat,1
corporation,1
originator,1
falsification,1
scratches,1
watson,1
physicians,1
heal,1
languor,1
newspaper,1
rushed,1
notifies,1
denouement,1
wasting,1
needlessly,1
shelves,1
adoration,1
newly,1
affliction,1
alleviate,1
rested,1
burning,1
missish,1
charity,1
performances,1
ex,1
stays,1
confidential,1
dishonesty,1
shoe,1
ostentatious,1
metcalfe,1
conversed,1
augment,1
oaks,1
afflicting,1
shield,1
liberties,1
indemnity,1
charities,1
gratuitous,1
metaphysics,1
glanced,1
dictatorial,1
sneer,1
forfeit,1
arch,1
chanced,1
commiseration,1
fearless,1
silenced,1
abhorrent,1
facility,1
projection,1
emphatic,1
adept,1
timed,1
tithes,1
bewailed,1
nods,1
mixing,1
mischance,1
attained,1
apace,1
lock,1
tent,1
environs,1
disclose,1
forwards,1
compromised,1
ineffectual,1
codes,1
excelled,1
hardest,1
extenuating,1
nettled,1
decked,1
liii,1
entrain,1
scott,1
scampering,1
laconic,1
suspend,1
murmurs,1
inmate,1
healthful,1
practised,1
degradation,1
imparted,1
bosoms,1
blemish,1
commercial,1
consummate,1
frenchman,1
endeavor,1
alleviated,1
shorter,1
benefiting,1
diligence,1
irremediable,1
ambition,1
heartfelt,1
newsletter,1
recently,1
painting,1
chip,1
ministers,1
extend,1
subjection,1
dictates,1
consistency,1
chamber,1
hatfield,1
secluded,1
gladly,1
regretted,1
tranquilly,1
inherited,1
rites,1
superintendence,1
vows,1
hotel,1
mature,1
healthfulness,1
struggle,1
unprincipled,1
overset,1
ridge,1
vigorously,1
jumped,1
strangely,1
draught,1
bountiful,1
coughs,1
closets,1
counting,1
uncompanionable,1
instability,1
refute,1
carpets,1
criticisms,1
eloping,1
housemaids,1
inaccurate,1
maupassant,1
stress,1
jumps,1
bracelets,1
amazes,1
envying,1
predominance,1
steadiness,1
woe,1
consolatory,1
terrific,1
prudently,1
disturb,1
main,1
distinct,1
musgrove,1
energetic,1
expostulation,1
treasured,1
prompted,1
vicious,1
monthly,1
teaching,1
weep,1
kiss,1
jewel,1
whitman,1
differentiated,1
inoffensive,1
unaware,1
savage,1
inspiring,1
graciousness,1
songs,1
recreation,1
pressingly,1
counterbalance,1
prodigious,1
probabilities,1
uncontrolled,1
condolence,1
valid,1
fidgets,1
granted,1
orderly,1
tongues,1
ruining,1
connivance,1
pyramids,1
apprehending,1
panting,1
preparation,1
cooks,1
dissuaded,1
strict,1
insatiable,1
myriad,1
acquaintances,1
stoutly,1
commonest,1
succession,1
eyeing,1
disapprove,1
doorway,1
henceforth,1
chatsworth,1
top,1
strikingly,1
sixpence,1
obey,1
burnt,1
revolution,1
promotion,1
creatress,1
seven,1
courteous,1
performers,1
puffed,1
parishioners,1
dreading,1
inexpressible,1
cents,1
thwarted,1
decorums,1
landing,1
enforced,1
mediocrity,1
perceptible,1
frisks,1
spreading,1
unacknowledged,1
mightily,1
boulanger,1
silliest,1
dissuade,1
procure,1
allowable,1
xxviii,1
xxxvii,1
intermediate,1
irregularity,1
provisions,1
majority,1
buying,1
asperity,1
constitution,1
degenerate,1
costing,1
operated,1
swallowed,1
eccentric,1
startling,1
hampered,1
cosmic,1
ballad,1
horribly,1
climax,1
popularity,1
mayoralty,1
swell,1
gentlewoman,1
assumed,1
airing,1
butcher,1
disclaimers,1
mansfield,1
morris,1
disservice,1
mutually,1
artful,1
avarice,1
denying,1
rescue,1
upbraided,1
chagrin,1
eloped,1
farthing,1
precluding,1
arrangements,1
industriously,1
transcription,1
trivial,1
adhering,1
eyelashes,1
utterly,1
posterity,1
maintain,1
foresaw,1
impolitic,1
darting,1
damp,1
purvis,1
guinea,1
generously,1
tacit,1
dismay,1
overrated,1
pebbles,1
assures,1
reverie,1
insipidity,1
differ,1
hug,1
heiress,1
unnecessarily,1
contains,1
bounds,1
sized,1
affable,1
insinuating,1
palatable,1
persisting,1
educational,1
grovelling,1
receives,1
sins,1
topics,1
grace,1
indecision,1
captivated,1
indelicate,1
vow,1
enraged,1
loveliest,1
smarting,1
comforted,1
stroll,1
participation,1
prided,1
xxxix,1
grapes,1
bribe,1
gossiping,1
infringement,1
ductility,1
throat,1
device,1
taciturn,1
backwards,1
intervene,1
professor,1
churchill,1
count,1
mentor,1
battle,1
ii,1
surpassing,1
pang,1
conjunction,1
foretold,1
trait,1
plays,1
imitated,1
proceedings,1
frame,1
premeditation,1
assiduously,1
machine,1
includes,1
walt,1
competent,1
dissecting,1
phenomenon,1
rightful,1
capacity,1
food,1
syllables,1
forfeited,1
venturing,1
xxiii,1
controverted,1
reconciling,1
injunctions,1
discontentedness,1
refrained,1
friendless,1
traces,1
overtook,1
benches,1
forbore,1
circulated,1
discontinue,1
exists,1
seventies,1
fascinating,1
resides,1
godfather,1
equals,1
enemies,1
paining,1
race,1
mystery,1
dulness,1
seduction,1
blown,1
licensed,1
vexing,1
sixth,1
ornament,1
miserly,1
superintends,1
flowing,1
pigs,1
quantity,1
resounding,1
injuries,1
content,1
intimation,1
tackle,1
haunch,1
rant,1
downloading,1
refinements,1
intrepidity,1
bare,1
ham,1
spleen,1
plate,1
fullest,1
realities,1
elderly,1
reporting,1
disposing,1
preferring,1
exquisitely,1
messages,1
talks,1
universities,1
stuffy,1
tries,1
concealing,1
shopping,1
desertion,1
amiss,1
blow,1
retains,1
solid,1
german,1
tilney,1
rained,1
minutest,1
unquestionably,1
realized,1
iii,1
monotonous,1
fetched,1
casual,1
mismanagement,1
uselessly,1
discerning,1
unpleasing,1
super,1
vex,1
coughing,1
stupider,1
compass,1
pool,1
proclaim,1
doleful,1
meadows,1
nearness,1
wantonly,1
influenced,1
nicest,1
slit,1
calico,1
stoke,1
postponed,1
kitchen,1
omit,1
deservedly,1
proficient,1
concise,1
avoided,1
implicitness,1
fervently,1
unavoidable,1
licentiousness,1
dispense,1
lviii,1
detail,1
charitable,1
wives,1
inches,1
fame,1
bequest,1
cleanse,1
xxxv,1
band,1
janites,1
stirred,1
utterances,1
irritated,1
shillings,1
profess,1
accusing,1
quarrelsome,1
struggling,1
provocations,1
communicativeness,1
spanish,1
seclusion,1
circles,1
hackneyed,1
warned,1
anticipate,1
cows,1
forwarding,1
undertaking,1
residing,1
hermitage,1
strictly,1
http,1
inscribed,1
inconsistencies,1
quarrelled,1
journeys,1
swelling,1
formation,1
revered,1
mess,1
delicious,1
alarms,1
capers,1
resign,1
earth,1
incomplete,1
types,1
heroes,1
demeanour,1
gathering,1
injunction,1
enumeration,1
livings,1
unfolding,1
detestable,1
heads,1
repel,1
calls,1
parent,1
waste,1
ineffable,1
numbers,1
commendable,1
unwearying,1
uproar,1
waived,1
unnaturally,1
fields,1
clouded,1
chaperon,1
uniformity,1
canvas,1
recognizing,1
sighed,1
belonging,1
luckiest,1
team,1
rascality,1
clock,1
starve,1
outdone,1
dictating,1
emptiness,1
admittance,1
french,1
brooking,1
unblemished,1
compilation,1
talker,1
unasked,1
projected,1
expects,1
rencounter,1
honest,1
incautiously,1
courier,1
constancy,1
illustrious,1
maximum,1
depicting,1
coleridge,1
crushing,1
lastly,1
shortness,1
acutest,1
histories,1
resource,1
distraction,1
commissioned,1
handkerchief,1
trembling,1
unpretending,1
flutterings,1
closer,1
victim,1
invention,1
equipage,1
fondness,1
loosenesses,1
duets,1
vouchsafed,1
amaze,1
rises,1
indispensably,1
backed,1
passions,1
thirteen,1
upstart,1
exporting,1
indemnify,1
paperwork,1
roasting,1
censuring,1
cheating,1
cookery,1
oddities,1
despicably,1
warwick,1
stretching,1
learning,1
retrospective,1
captivate,1
ensuring,1
causa,1
coarsely,1
comers,1
satirical,1
divert,1
reverse,1
superintended,1
coats,1
signs,1
practise,1
hardships,1
wickedest,1
pin,1
proprietary,1
profits,1
devotees,1
rushworth,1
easier,1
innocence,1
satisfactorily,1
egregious,1
enduring,1
amid,1
informs,1
gamester,1
attics,1
coveys,1
network,1
celerity,1
inferences,1
apparel,1
regulated,1
decisions,1
junior,1
employing,1
fortunes,1
exclude,1
fidget,1
smith,1
decade,1
immortal,1
congratulation,1
conditional,1
separates,1
defection,1
inflicted,1
stepped,1
imformed,1
shift,1
mortifications,1
joking,1
mississippi,1
verdict,1
feminine,1
imperfection,1
surest,1
hardship,1
military,1
inevitably,1
repentance,1
bottom,1
inured,1
detaching,1
feather,1
trembled,1
confederacy,1
lvii,1
images,1
investing,1
piqued,1
persevering,1
reckoned,1
feb,1
overcoming,1
befriended,1
disagreeably,1
labour,1
exceptionable,1
pour,1
forwarder,1
infatuation,1
shrug,1
catching,1
heirs,1
unkindness,1
wave,1
forgets,1
intimidate,1
gayer,1
grievously,1
dictate,1
attendants,1
goulding,1
september,1
edward,1
undervalued,1
bills,1
gifts,1
inhuman,1
nothingness,1
cunning,1
persevered,1
shine,1
antagonist,1
crowd,1
perverse,1
volubility,1
alluding,1
finances,1
lowness,1
sedate,1
charges,1
employees,1
lake,1
competitor,1
trimming,1
footman,1
accuracy,1
nothings,1
broad,1
therein,1
contrariety,1
doubly,1
ceaseless,1
fluctuating,1
roasted,1
instantaneous,1
unalterable,1
harmless,1
garish,1
irreclaimable,1
studier,1
h,1
xvii,1
heighten,1
scope,1
conciliatory,1
persists,1
smoothly,1
repressing,1
trunks,1
absurdity,1
agitations,1
xlii,1
rival,1
importuned,1
accessible,1
breadth,1
shocks,1
cover,1
italian,1
alienated,1
unheard,1
plainer,1
awaited,1
destructive,1
trunk,1
richly,1
overspreading,1
nightcap,1
haye,1
rekindled,1
prettyish,1
indirectly,1
selecting,1
withdrawing,1
transport,1
managed,1
taxes,1
bates,1
masculine,1
unexceptionable,1
airs,1
blowzy,1
sell,1
insufferably,1
complaisant,1
inhumanity,1
footstool,1
thankfulness,1
conciliate,1
campful,1
escaping,1
streets,1
inadequate,1
enemy,1
brevity,1
miserably,1
oppressively,1
indicate,1
freshness,1
helplessness,1
purse,1
animal,1
richard,1
unsocial,1
inspires,1
neat,1
cultivation,1
trepidation,1
accede,1
doubled,1
print,1
edition,1
heretical,1
sonnet,1
train,1
impurities,1
barouche,1
brow,1
repose,1
clearing,1
loser,1
simpers,1
fluently,1
coup,1
nineteenth,1
dangerous,1
studious,1
gaped,1
transient,1
undeceive,1
diffuse,1
wander,1
womanly,1
plentiful,1
repented,1
shades,1
donation,1
shrunk,1
fiction,1
westerham,1
unattended,1
unshaken,1
stiffly,1
unallied,1
detach,1
proofread,1
exemption,1
combined,1
shops,1
mounting,1
corroboration,1
encumbrance,1
embargo,1
coarse,1
lighted,1
foot,1
ducks,1
esmond,1
candid,1
witticisms,1
indiscreet,1
deception,1
condescendingly,1
shrink,1
appointment,1
springs,1
virus,1
deletions,1
ironic,1
alter,1
propitious,1
demean,1
rivals,1
guiding,1
bowing,1
insulting,1
sedateness,1
peculiarity,1
p,1
annexed,1
faculty,1
invalid,1
burying,1
feelingly,1
advising,1
knees,1
villainous,1
uncertainty,1
revolt,1
cradles,1
inexpressibly,1
unostentatious,1
metals,1
comment,1
viraginous,1
remainder,1
science,1
waking,1
challenge,1
conversible,1
inconstancies,1
separately,1
aunts,1
lanes,1
d,1
irs,1
paces,1
criminal,1
respectful,1
christening,1
bid,1
informality,1
arriving,1
steadfast,1
sprang,1
deter,1
falsely,1
sleepless,1
consenting,1
britain,1
nichols,1
unsuccessfully,1
respective,1
repelled,1
data,1
internal,1
obsoletenesses,1
pliancy,1
bass,1
hearers,1
condescends,1
disinterestedness,1
jestingly,1
runs,1
lets,1
proudest,1
conceals,1
colds,1
lease,1
angrily,1
maiden,1
gaze,1
xliii,1
fulfil,1
saucy,1
filling,1
deductible,1
personality,1
vingt,1
ear,1
speaker,1
calculation,1
ordained,1
importing,1
whispered,1
discompose,1
varieties,1
forego,1
dispose,1
latest,1
obligingly,1
depends,1
misused,1
nail,1
provokingly,1
elated,1
coincided,1
puddles,1
atoned,1
alterations,1
circulating,1
emergency,1
grossest,1
liverpool,1
drooping,1
earthly,1
butler,1
sorely,1
benevolent,1
darling,1
psychologically,1
fifth,1
riding,1
proxy,1
sallied,1
thoughtful,1
justification,1
beauteous,1
exigence,1
perception,1
paradise,1
colossal,1
attractiveness,1
pampered,1
unworthily,1
yawning,1
social,1
afresh,1
coppice,1
stole,1
speculation,1
venison,1
innocently,1
incidental,1
problem,1
edmund,1
identical,1
swiftian,1
developing,1
niceness,1
scrupulous,1
adhered,1
encroaching,1
dispelling,1
sleeves,1
tenour,1
separating,1
comprehension,1
yards,1
indicated,1
thence,1
glove,1
violated,1
ruthless,1
dashwood,1
prompt,1
fewer,1
corruption,1
interpreted,1
salt,1
genus,1
cynic,1
unshackled,1
strictures,1
captivation,1
retail,1
cautiousness,1
considerations,1
papers,1
enabling,1
petition,1
imposing,1
publish,1
unreserve,1
relinquish,1
played,1
scarce,1
infliction,1
august,1
scorned,1
battled,1
unenforceability,1
spectators,1
philistinism,1
traditional,1
superciliousness,1
glowing,1
brightened,1
impulses,1
despair,1
glory,1
instructing,1
retreating,1
advancement,1
stretched,1
imitate,1
fighting,1
blacken,1
retrospections,1
array,1
austenians,1
suffers,1
harp,1
lad,1
desert,1
meditations,1
gentlest,1
gaudy,1
retrenched,1
frank,1
clarke,1
argued,1
illiterate,1
perseveringly,1
elevating,1
humbling,1
lawfully,1
seizing,1
insisted,1
officiousness,1
remedies,1
farce,1
blots,1
devoting,1
unimportant,1
groundwork,1
unknowingly,1
unprofitable,1
abiding,1
answers,1
deciding,1
actuated,1
deserted,1
enormity,1
requited,1
exaggerate,1
marital,1
fender,1
conveying,1
grasp,1
immoral,1
lurking,1
dazzling,1
kenilworth,1
economically,1
current,1
subscribe,1
advent,1
disclosed,1
lingering,1
restoring,1
unintelligible,1
dictated,1
annual,1
gulf,1
dupe,1
wilderness,1
heavens,1
regarding,1
scheming,1
clump,1
consigned,1
friendlier,1
instruct,1
ached,1
variance,1
stanzas,1
angelic,1
displease,1
unalloyed,1
verdure,1
lend,1
profusion,1
feathers,1
backward,1
badly,1
artist,1
healthiest,1
hursts,1
rambled,1
diffuseness,1
dose,1
clergy,1
disobliging,1
feet,1
sloping,1
ensuing,1
cassino,1
staggered,1
unsuspicious,1
improprieties,1
foresee,1
barbarous,1
hushed,1
formats,1
exalt,1
hells,1
net,1
prized,1
favoured,1
strangeness,1
theatres,1
detect,1
exuberance,1
detested,1
internet,1
unusually,1
mar,1
fearlessness,1
supercilious,1
despises,1
verses,1
win,1
choosing,1
hesitating,1
sacrificed,1
misled,1
meanest,1
narrowest,1
gloried,1
turnpikes,1
negligent,1
ashworth,1
suffrages,1
crisis,1
disregarded,1
pictured,1
proverb,1
revive,1
beaux,1
fresher,1
coincide,1
undiminished,1
noblest,1
uniting,1
redistribute,1
fools,1
quieter,1
beforehand,1
musical,1
undervaluing,1
flat,1
disrespectful,1
proficiency,1
tractable,1
sings,1
circuit,1
uppermost,1
bitterest,1
comprise,1
lustre,1
wavering,1
premises,1
modification,1
identification,1
circumspect,1
kid,1
magic,1
neglectful,1
simply,1
fingering,1
unbending,1
kindest,1
wearied,1
culprit,1
breakfasted,1
chatty,1
forgiven,1
goals,1
rarest,1
gallant,1
purses,1
unacquainted,1
bashful,1
appearances,1
diversified,1
practising,1
impressing,1
soothed,1
bromley,1
boxes,1
primacy,1
speechless,1
synonymously,1
concerto,1
inconsiderable,1
tedious,1
testifying,1
cucumber,1
straws,1
youths,1
insufferable,1
hunting,1
partridges,1
subdivisions,1
sharpness,1
undone,1
cluster,1
jilt,1
dissipation,1
sentinel,1
exchanged,1
abundant,1
connubial,1
shell,1
passionate,1
serving,1
clerk,1
despicable,1
xi,1
digressions,1
consign,1
predict,1
effectual,1
courtesied,1
spur,1
explore,1
temporary,1
fugitives,1
brittle,1
expedite,1
masterpieces,1
pertness,1
risen,1
writes,1
beneficence,1
allude,1
matrimonial,1
hedge,1
workbags,1
shifting,1
ungraciousness,1
rapacity,1
tempers,1
swamp,1
stiles,1
redress,1
confirms,1
missing,1
welcoming,1
anew,1
pouring,1
inducements,1
proving,1
contract,1
northanger,1
situations,1
littleness,1
downwards,1
tormenting,1
inter,1
sneering,1
intrigues,1
philosophic,1
disguised,1
justifying,1
fill,1
mistook,1
chimney,1
appease,1
jumbled,1
blinds,1
splendour,1
satisfactions,1
rejoined,1
nose,1
admission,1
advertised,1
closure,1
prohibition,1
microcosm,1
pedantic,1
possibilities,1
resume,1
mingling,1
dullest,1
friday,1
omitted,1
clerical,1
overjoyed,1
insolence,1
token,1
salad,1
acquiesce,1
appeals,1
searching,1
elope,1
sept,1
hang,1
catastrophe,1
critics,1
patient,1
xix,1
altar,1
attributing,1
imaginations,1
boundless,1
keener,1
arrogance,1
prejudiced,1
conquered,1
spacious,1
closely,1
beatings,1
overtaken,1
texts,1
elect,1
violates,1
methods,1
criticise,1
neighbourhoods,1
troubling,1
disliking,1
probity,1
scold,1
grieving,1
indistinctly,1
adequate,1
clue,1
declaring,1
omen,1
leigh,1
enters,1
seminaries,1
tenant,1
rang,1
achieving,1
conception,1
lessening,1
blasted,1
shed,1
contributed,1
artificial,1
mechanic,1
annoyed,1
sore,1
nourishes,1
rail,1
bewitching,1
exultation,1
animating,1
unprepared,1
cry,1
exigencies,1
male,1
gig,1
cambridge,1
clamorous,1
comprehends,1
recognized,1
benefits,1
constitute,1
lx,1
stored,1
authors,1
eminently,1
meissonier,1
equivocal,1
mechanically,1
acceded,1
untinctured,1
invitations,1
xlvii,1
frailty,1
demanding,1
mindful,1
hypocrisy,1
severest,1
moralize,1
bully,1
unvarying,1
disarm,1
resolute,1
defended,1
stumbling,1
exclaim,1
exciting,1
packed,1
stratagems,1
readable,1
statements,1
fairfax,1
ladylike,1
preside,1
grantley,1
scolded,1
undecided,1
degrees,1
imperfectly,1
promoted,1
forgetfulness,1
sally,1
barefaced,1
picturesque,1
iniquitous,1
hire,1
repulsed,1
coquetry,1
abound,1
correspond,1
contemptuously,1
extinguished,1
reconsidering,1
sameness,1
illiberal,1
swelled,1
meditation,1
serviceable,1
theatre,1
merchantability,1
apprehend,1
poured,1
influencing,1
injuring,1
agonies,1
suggestion,1
rated,1
regained,1
repugnance,1
heavier,1
deemed,1
hanging,1
reap,1
clement,1
confide,1
oakham,1
punitive,1
touches,1
arrange,1
stamp,1
griefs,1
felicitations,1
position,1
delighting,1
slacken,1
accurate,1
packing,1
lifetime,1
engross,1
spurned,1
michael,1
unhesitatingly,1
vigorous,1
gusto,1
intellect,1
coxcomb,1
disputes,1
evade,1
seconded,1
crayons,1
creation,1
goldwin,1
irish,1
beside,1
screens,1
desperation,1
duchess,1
calmly,1
rectitude,1
rivers,1
prudential,1
exposure,1
appointed,1
snug,1
xlviii,1
watches,1
damsel,1
folded,1
servility,1
treating,1
entreating,1
complaint,1
proudly,1
sufferer,1
compressed,1
restricted,1
outspoken,1
dedication,1
flowed,1
breathing,1
prizes,1
truest,1
regulate,1
confirm,1
reminding,1
objected,1
sustained,1
renamed,1
fewest,1
narrowness,1
exposition,1
prettiest,1
sideboard,1
exist,1
remonstrance,1
exuberant,1
tents,1
personage,1
curiosities,1
invalidity,1
philosophers,1
verior,1
until,1
unappeasable,1
prefaced,1
threatened,1
newest,1
mislead,1
impartiality,1
teeth,1
involves,1
powdering,1
checks,1
suppositions,1
subsist,1
agony,1
commissioning,1
birmingham,1
furnished,1
reasoning,1
devoid,1
lix,1
contention,1
chawton,1
sets,1
unkind,1
naughty,1
nursing,1
cure,1
discourses,1
estimated,1
shorten,1
barbarously,1
successor,1
sports,1
executors,1
discreditable,1
harboured,1
secrets,1
forbade,1
outrun,1
regain,1
sagacity,1
jewels,1
ages,1
mud,1
laudable,1
rebuke,1
complimenting,1
misleading,1
antechamber,1
storing,1
hazarded,1
fruit,1
notes,1
hearth,1
trifled,1
land,1
irreproachable,1
unabated,1
employee,1
j,1
incident,1
discarding,1
porridge,1
converting,1
ordination,1
chicken,1
emotions,1
overpowering,1
complaining,1
retreated,1
monosyllable,1
stir,1
relished,1
carr,1
prig,1
asserting,1
ensign,1
engrossing,1
custody,1
combated,1
xxvii,1
sounds,1
grain,1
someone,1
wearisome,1
govern,1
draws,1
stiltedly,1
requester,1
conscientiously,1
sour,1
vigour,1
impelled,1
witty,1
li,1
amounting,1
files,1
describes,1
reasonableness,1
jot,1
seize,1
spokesman,1
muffin,1
supplying,1
depreciate,1
july,1
resuming,1
brown,1
exceeding,1
ancient,1
donors,1
chuck,1
ability,1
regards,1
allegro,1
outwardly,1
companionship,1
lace,1
aimed,1
seconding,1
shopboy,1
pope,1
joints,1
summon,1
clearer,1
petrified,1
peaches,1
stem,1
polluted,1
pg,1
distrusted,1
symmetry,1
xxxiii,1
unqualified,1
mankind,1
ensue,1
forsters,1
deaden,1
petitioned,1
corrupt,1
ferocious,1
prime,1
unsuccessful,1
dooming,1
condescend,1
interfere,1
reflecting,1
bestowing,1
watchful,1
cottagers,1
wears,1
warded,1
blenheim,1
lightness,1
hatred,1
dines,1
scarborough,1
widespread,1
develope,1
allowances,1
repulsive,1
pursuits,1
anticipation,1
spars,1
revolted,1
involuntary,1
mostly,1
services,1
lii,1
basis,1
submitted,1
outdated,1
patent,1
aversion,1
division,1
pretension,1
arrogant,1
exhibiting,1
creditably,1
harshly,1
sharers,1
undeserved,1
foul,1
querulous,1
commonly,1
individually,1
compensation,1
shoulders,1
representations,1
accessed,1
hypertext,1
imperishable,1
indolent,1
tremble,1
pens,1
wind,1
finds,1
investigations,1
definition,1
foundations,1
esq,1
counteract,1
pollution,1
revised,1
ascertaining,1
victory,1
archness,1
laity,1
audible,1
allusions,1
dissemble,1
forbearing,1
consternation,1
nobler,1
acquainting,1
predominate,1
household,1
unabashed,1
cogent,1
bath,1
idealism,1
hack,1
ceremonies,1
manifold,1
york,1
seasonable,1
impute,1
xxvi,1
grandfather,1
aught,1
substitute,1
naming,1
emphatically,1
implacable,1
suggesting,1
dishonest,1
habitual,1
suspects,1
lamenting,1
softness,1
presided,1
chestnuts,1
board,1
hired,1
thorpe,1
aggravate,1
nicholls,1
establish,1
tribute,1
occurring,1
inspire,1
resisting,1
revealing,1
war,1
shrewish,1
eleven,1
errand,1
blamed,1
pglaf,1
ein,1
published,1
untidy,1
permit,1
profit,1
guests,1
bustle,1
laurel,1
overpower,1
magistrate,1
freckled,1
disturbers,1
bakewell,1
mildly,1
replies,1
changes,1
vastly,1
incomparable,1
chary,1
scarcity,1
overthrowing,1
vices,1
largest,1
topic,1
bets,1
marries,1
remorse,1
agitating,1
plantation,1
scores,1
finishing,1
gaming,1
subjoin,1
web,1
pointedly,1
boasting,1
reproaches,1
endure,1
parading,1
perfection,1
thrills,1
crown,1
overhearings,1
unequally,1
legacy,1
harringtons,1
attachments,1
creative,1
hardened,1
dimensions,1
glen,1
fitness,1
unsolicited,1
scapegoat,1
asleep,1
attitude,1
graciously,1
confidently,1
binary,1
identify,1
transformation,1
associating,1
needlework,1
corner,1
faintly,1
designedly,1
overflowing,1
successively,1
ensigncy,1
devote,1
boldly,1
doubtingly,1
rehearsal,1
boisterousness,1
archbishops,1
text,1
perpetual,1
china,1
trials,1
leaning,1
domestics,1
louder,1
bathing,1
philosopher,1
abrupt,1
acceding,1
damaged,1
volunteer,1
abbey,1
wickedly,1
horsewoman,1
unison,1
exhibit,1
regularly,1
authorizing,1
apprehensive,1
interpretation,1
howsoever,1
vicinity,1
misunderstanding,1
conveniences,1
rectory,1
diffident,1
february,1
echo,1
acknowledging,1
hatefully,1
winding,1
edw,1
kympton,1
sanction,1
intimidated,1
discovering,1
implies,1
comyns,1
savagery,1
excusable,1
transition,1
acquire,1
webbs,1
vanish,1
coincidence,1
restless,1
watering,1
peak,1
contradictions,1
explanatory,1
unexampled,1
rings,1
emphasis,1
suddenness,1
delivering,1
weighty,1
aid,1
referred,1
requisite,1
named,1
deranged,1
austerity,1
unchanged,1
paste,1
unforced,1
lavington,1
taller,1
disclaimed,1
troop,1
misrepresentation,1
selves,1
inns,1
bosom,1
incurred,1
intimates,1
heinous,1
racked,1
wavered,1
undetermined,1
mild,1
fastened,1
outlived,1
coherent,1
threats,1
vehemence,1
ut,1
obscure,1
profuse,1
cessation,1
pavement,1
glories,1
reappear,1
lofty,1
punch,1
smirks,1
epithet,1
comparisons,1
reluctance,1
practical,1
tints,1
objectors,1
fashionable,1
ragout,1
implicit,1
retort,1
indefinite,1
xli,1
stables,1
whimsical,1
busy,1
reconcile,1
committed,1
proofreading,1
grossly,1
push,1
hypothesi,1
solace,1
slightingly,1
thankfully,1
viii,1
implacability,1
unsubdued,1
advances,1
deprive,1
fourthly,1
vexations,1
curtains,1
survived,1
forlorn,1
simpered,1
burlesque,1
elaborate,1
pit,1
adjusted,1
clerks,1
oddity,1
endurable,1
occupies,1
believes,1
asserted,1
discrimination,1
contrasted,1
untitled,1
pitched,1
sportive,1
epicurean,1
scornful,1
overdone,1
correspondents,1
improvements,1
dawdled,1
dismission,1
desponding,1
deceives,1
plenty,1
forcing,1
disquiet,1
construing,1
petulance,1
availed,1
lamented,1
explicitly,1
unmarked,1
rules,1
defied,1
default,1
regulation,1
fairest,1
wear,1
rocks,1
enhance,1
equalled,1
xlv,1
torment,1
refuge,1
member,1
linked,1
superfluous,1
shot,1
venus,1
merest,1
eluded,1
forbidding,1
inflexibly,1
corroborated,1
occupation,1
stateliness,1
retaliate,1
unmoved,1
severity,1
luckless,1
curtailed,1
crowned,1
windings,1
courting,1
proportionate,1
revolving,1
nonproprietary,1
organized,1
delicately,1
disgraced,1
surmount,1
couples,1
joyfully,1
disturbance,1
ultimately,1
repent,1
satisfying,1
profligate,1
retain,1
transcribe,1
credits,1
dresses,1
troublesome,1
designing,1
peculiarities,1
penitent,1
extractions,1
miseries,1
kindred,1
admittedly,1
smollett,1
gigantic,1
ancle,1
lying,1
languages,1
resisted,1
eclipsed,1
ablution,1
creatures,1
profligacy,1
impressive,1
heedless,1
processing,1
synonymous,1
classical,1
reality,1
appendices,1
allegra,1
frontispiece,1
assents,1
archbishop,1
undutiful,1
xxix,1
disputable,1
valueless,1
unfavourably,1
outstripped,1
impetuous,1
begs,1
caused,1
kill,1
forgiving,1
preceded,1
test,1
withstood,1
partisans,1
oblique,1
observances,1
refusals,1
inventing,1
scrutiny,1
relied,1
rely,1
brains,1
bowl,1
ungovernable,1
arrear,1
replace,1
intrigue,1
adjusting,1
extort,1
roads,1
revival,1
replete,1
repinings,1
cambric,1
locations,1
relatively,1
suiting,1
blushing,1
settlements,1
reckon,1
distractedly,1
arranges,1
dividing,1
trim,1
hysterics,1
transpired,1
attendant,1
paler,1
snarling,1
invective,1
grant,1
appertain,1
importune,1
shameless,1
latterly,1
impunity,1
proportions,1
weakest,1
indicating,1
sect,1
footlights,1
pierce,1
chapters,1
flogged,1
imitations,1
equivalent,1
courtier,1
peep,1
interruptions,1
wretchedly,1
affords,1
cake,1
postilions,1
sash,1
leisurely,1
international,1
mating,1
consist,1
abatement,1
entailing,1
scrape,1
characterize,1
communicative,1
playwright,1
denominated,1
pace,1
exception,1
dissolved,1
increases,1
indecorum,1
paintings,1
bribery,1
completion,1
diffused,1
enthralling,1
unamiable,1
fourteen,1
wollstonecraft,1
sprained,1
prevents,1
indulging,1
complained,1
uglier,1
volatility,1
tens,1
trout,1
payment,1
worthlessness,1
sportsmen,1
mortifies,1
recede,1
disk,1
sections,1
regulating,1
completeness,1
theatrical,1
acquisition,1
remarked,1
confinement,1
sends,1
version,1
reported,1
hart,1
patched,1
publisher,1
precisely,1
seniority,1
demands,1
constrained,1
incessant,1
hurts,1
tells,1
unanswerable,1
weakened,1
frighten,1
allayed,1
lowest,1
tremblings,1
spasms,1
anyhow,1
fuss,1
faithfully,1
witnessing,1
bewitched,1
bequeathed,1
losses,1
successfully,1
pull,1
ward,1
exerting,1
cosway,1
historically,1
ostentation,1
surpass,1
bounty,1
folios,1
bridegroom,1
conciliating,1
policy,1
hears,1
lessened,1
adopted,1
tanned,1
authorize,1
sympathize,1
speed,1
liv,1
comedy,1
unassailed,1
succeeds,1
efficacy,1
compare,1
empty,1
penance,1
narrative,1
pre,1
heartening,1
augmented,1
fidgety,1
multitude,1
south,1
untamed,1
allurements,1
